<?xml version="1.0" encoding="UTF-8" standalone="yes"?>
<addon id="script.tvguide.Vader" name="TV Guide" version="1.4.55" provider-name="IPTVGuy">
    <requires>
        <import addon="xbmc.python" version="2.19.0"/>
        <import addon="script.module.simplejson" version="3.3.0"/>
        <import addon="script.module.requests" version="2.9.1" />
        <import addon="script.module.dateutil" version="2.4.2" />
		<import addon="script.module.addon.common" optional="true" />
		<import addon="script.module.pil" />
		<import addon="script.extendedinfo" />
    </requires>
    <extension point="xbmc.python.script" library="addon.py">
            <provides>executable</provides>
    </extension>
    <extension point="xbmc.service" library="service.py" start="login"/>
    <extension point="xbmc.addon.metadata">

		<summary lang="en">TV Guide For IPTV</summary>
		<description lang="en">TV Guide for IPTV</description>
        <disclaimer lang="en"></disclaimer>
        <language></language>
        <platform>all</platform>
        <license>GPLv2</license>
        <forum></forum>
        <source></source>
        <website></website>
        <email></email>
    </extension>
</addon>
