<?xml version="1.0" encoding="UTF-8"?>
    <addon id="repository.JBTV" name="JellyBeanTV Repository" version="0.1.0" provider-name="Shanitech">
        <requires>
            <import addon="xbmc.addon" version="12.0.0"/>
        </requires>
        <extension point="xbmc.addon.repository" name="JellyBeanTV Repository">
            <info compressed="false">https://raw.githubusercontent.com/UHED/Schoolwork/_repo/addons.xml</info>
            <checksum>https://raw.githubusercontent.com/UHED/Schoolwork/_repo/addons.xml.md5</checksum>
            <datadir zip="true">https://raw.githubusercontent.com/UHED/Schoolwork/_repo/</datadir>
            <hashes>false</hashes>
        </extension>
        <extension point="xbmc.addon.metadata">
            <summary>JellyBean International Channel Repository</summary>
            <description>JellyBean International Channel and EPG Repository.</description>
            <platform>all</platform>
    </extension>
</addon>