<?xml version="1.0" encoding="UTF-8"?>
    <addon id="repository.JBTV" name="JellyBeanTV" version="0.1.0" provider-name="Shanitech">
        <requires>
            <import addon="xbmc.addon" version="12.0.0"/>
        </requires>
        <extension point="xbmc.addon.repository" name="JellyBeanTV">
            <info compressed="false">https://github.com/UHED/Schoolwork/_repo/addons.xml</info>
            <checksum>https://github.com/UHED/Schoolwork/_repo/addons.xml.md5</checksum>
            <datadir zip="true">https://github.com/UHED/Schoolwork/_repo/</datadir>
            <hashes>false</hashes>
        </extension>
        <extension point="xbmc.addon.metadata">
            <summary>JBTV International Channel Portfolio</summary>
            <description>JBTV International Channel Portfolio.</description>
            <platform>all</platform>
    </extension>
</addon>